"id","accession","public_accession","project_accession","project_name"
1," SAMN30954130",NA,NA,"GenomeTrakr; LFFM-FY3"
2," SAMN30942192",NA,NA,NA
3," SAMN10354025","CFSAN087006","PRJNA357722",NA
4," SAMN10353980","CFSAN087016","PRJNA357722",NA
5," SAMN10353979","CFSAN087005",NA,NA
6," SAMN09470467","CFSAN082581","PRJNA357722",NA
7," SAMN09060650","CFSAN078914","PRJNA357722",NA
8," SAMN09060642","CFSAN078913","PRJNA357722",NA
9," SAMN09060597","CFSAN078912","PRJNA357722",NA
10," SAMN25512722","CFSAN119561","PRJNA230969","GenomeTrakr"
11," SAMN13898689","CFSAN103621",NA,"GenomeTrakr"
12," SAMN12609652","CFSAN095889",NA,"GenomeTrakr"
13," SAMN12230863","CFSAN095592",NA,"GenomeTrakr"
14," SAMN12230860","CFSAN095585",NA,"GenomeTrakr"
15," SAMN12230857","CFSAN095602",NA,"GenomeTrakr"
16," SAMN12230854","CFSAN095598",NA,"GenomeTrakr"
17," SAMN12230853","CFSAN095587",NA,"GenomeTrakr"
18," SAMN12230841","CFSAN095589",NA,"GenomeTrakr"
19," SAMN12230835","CFSAN095599",NA,"GenomeTrakr"
20," SAMN12230831","CFSAN095593",NA,"GenomeTrakr"
21," SAMN12230828","CFSAN095588",NA,"GenomeTrakr"
22," SAMN12230825","CFSAN095603",NA,"GenomeTrakr"
23," SAMN12230590","CFSAN095591",NA,"GenomeTrakr"
24," SAMN12230589","CFSAN095586",NA,"GenomeTrakr"
25," SAMN12230534","CFSAN095621",NA,"GenomeTrakr"
26," SAMN12230508","CFSAN095611",NA,"GenomeTrakr"
27," SAMN12230507","CFSAN095610",NA,"GenomeTrakr"
28," SAMN12230480","CFSAN095622",NA,"GenomeTrakr"
29," SAMN12230476","CFSAN095609",NA,"GenomeTrakr"
30," SAMN12230462","CFSAN095606",NA,"GenomeTrakr"
31," SAMN12230446","CFSAN095612",NA,"GenomeTrakr"
32," SAMN12230429","CFSAN095584",NA,"GenomeTrakr"
33," SAMN12127386","CFSAN095394",NA,"GenomeTrakr"
34," SAMN12127384","CFSAN095398",NA,"GenomeTrakr"
35," SAMN12127359","CFSAN095397",NA,"GenomeTrakr"
36," SAMN12127355","CFSAN095393",NA,"GenomeTrakr"
37," SAMN12127330","CFSAN095396",NA,"GenomeTrakr"
38," SAMN12127201","CFSAN095404",NA,"GenomeTrakr"
39," SAMN12127200","CFSAN095400",NA,"GenomeTrakr"
40," SAMN12127197","CFSAN095406",NA,"GenomeTrakr"
41," SAMN10501767","CFSAN088653",NA,"GenomeTrakr"
42," SAMN10501765","CFSAN088652",NA,"GenomeTrakr"
43," SAMN10501696","CFSAN088654",NA,"GenomeTrakr"
44," SAMN05326696",NA,NA,NA
46," SAMN04429933",NA,NA,NA
47," SAMN04429932",NA,NA,NA
48," SAMN04429929",NA,NA,NA
49," SAMN04429928",NA,NA,NA
50," SAMN04429927",NA,NA,NA
51," SAMN04429926",NA,NA,NA
52," SAMN04429925",NA,NA,NA
53," SAMN04422326",NA,NA,NA
54," SAMN04422324",NA,NA,NA
55," SAMN04422323",NA,NA,NA
56," SAMN04422322",NA,NA,NA
57," SAMN04422313",NA,NA,NA
58," SAMN26418546",NA,NA,"GenomeTrakr; LFFM-FY2"
59," SAMN26418545",NA,NA,"GenomeTrakr; LFFM-FY2"
61," SAMN06684366",NA,NA,NA
62," SAMN06684365",NA,NA,NA
63," SAMN06684361",NA,NA,NA
64," SAMN06684360",NA,NA,NA
65," SAMN06684359",NA,NA,NA
66," SAMN06684358",NA,NA,NA
67," SAMN06684357",NA,NA,NA
68," SAMN25652767",NA,NA,"GenomeTrakr; LFFM-FY2"
69," SAMN25046351",NA,NA,"GenomeTrakr; LFFM-FY2"
70," SAMN25046350",NA,NA,"GenomeTrakr; LFFM-FY2"
71," SAMN25046349",NA,NA,"GenomeTrakr; LFFM-FY2"
72," SAMN25046348",NA,NA,"GenomeTrakr; LFFM-FY2"
73," SAMN25044506",NA,NA,"GenomeTrakr; LFFM-FY2"
74," SAMN23341794",NA,NA,"GenomeTrakr; LFFM-FY2"
75," SAMN22416944",NA,NA,"GenomeTrakr; LFFM-FY2"
76," SAMN19273706",NA,NA,NA
77," SAMN19272678",NA,NA,NA
78," SAMN19272677",NA,NA,NA
79," SAMN19272669",NA,NA,NA
80," SAMN19272663",NA,NA,NA
81," SAMN18929213",NA,NA,NA
82," SAMN18836277",NA,NA,NA
83," SAMN18492554",NA,NA,NA
84," SAMN18472700",NA,NA,NA
85," SAMN17816929",NA,NA,NA
86," SAMN17098073",NA,NA,NA
87," SAMN16439289",NA,NA,"GenomeTrakr-LFFM;FY1"
88," SAMN16439281",NA,NA,NA
89," SAMN16377219",NA,NA,"GenomeTrakr-LFFM;FY1"
90," SAMN16377218",NA,NA,"GenomeTrakr-LFFM;FY1"
91," SAMN16377217",NA,NA,"GenomeTrakr-LFFM;FY1"
92," SAMN16257947",NA,NA,"GenomeTrakr-LFFM;FY1"
93," SAMN16257946",NA,NA,"GenomeTrakr-LFFM;FY1"
94," SAMN16257945",NA,NA,"GenomeTrakr-LFFM;FY1"
95," SAMN16257944",NA,NA,"GenomeTrakr-LFFM;FY1"
96," SAMN16257943",NA,NA,"GenomeTrakr-LFFM;FY1"
97," SAMN16257942",NA,NA,"GenomeTrakr-LFFM;FY1"
98," SAMN16257941",NA,NA,"GenomeTrakr-LFFM;FY1"
99," SAMN16202558",NA,NA,"GenomeTrakr-LFFM;FY1"
100," SAMN16202557",NA,NA,"GenomeTrakr-LFFM;FY1"
101," SAMN16202556",NA,NA,"GenomeTrakr-LFFM;FY1"
102," SAMN16202555",NA,NA,"GenomeTrakr-LFFM;FY1"
103," SAMN16202554",NA,NA,"GenomeTrakr-LFFM;FY1"
104," SAMN16202553",NA,NA,"GenomeTrakr-LFFM;FY1"
105," SAMN16136490",NA,NA,"GenomeTrakr-LFFM;FY1"
106," SAMN16136489",NA,NA,"GenomeTrakr-LFFM;FY1"
107," SAMN16136488",NA,NA,"GenomeTrakr-LFFM;FY1"
108," SAMN16136487",NA,NA,"GenomeTrakr-LFFM;FY1"
109," SAMN16136486",NA,NA,"GenomeTrakr-LFFM;FY1"
110," SAMN16136485",NA,NA,"GenomeTrakr-LFFM;FY1"
111," SAMN16136484",NA,NA,"GenomeTrakr-LFFM;FY1"
112," SAMN16136483",NA,NA,"GenomeTrakr-LFFM;FY1"
113," SAMN16136482",NA,NA,"GenomeTrakr-LFFM;FY1"
114," SAMN16136481",NA,NA,"GenomeTrakr-LFFM;FY1"
115," SAMN16136480",NA,NA,"GenomeTrakr-LFFM;FY1"
116," SAMN16136479",NA,NA,"GenomeTrakr-LFFM;FY1"
117," SAMN16136478",NA,NA,"GenomeTrakr-LFFM;FY1"
118," SAMN16136477",NA,NA,"GenomeTrakr-LFFM;FY1"
119," SAMN16136476",NA,NA,"GenomeTrakr-LFFM;FY1"
120," SAMN16136475",NA,NA,"GenomeTrakr-LFFM;FY1"
121," SAMN16136474",NA,NA,"GenomeTrakr-LFFM;FY1"
122," SAMN16136473",NA,NA,"GenomeTrakr-LFFM;FY1"
123," SAMN16136472",NA,NA,"GenomeTrakr-LFFM;FY1"
124," SAMN16136471",NA,NA,"GenomeTrakr-LFFM;FY1"
125," SAMN16136470",NA,NA,"GenomeTrakr-LFFM;FY1"
126," SAMN16136469",NA,NA,"GenomeTrakr-LFFM;FY1"
127," SAMN16136468",NA,NA,"GenomeTrakr-LFFM;FY1"
128," SAMN16136467",NA,NA,"GenomeTrakr-LFFM;FY1"
129," SAMN16136466",NA,NA,"GenomeTrakr-LFFM;FY1"
130," SAMN16136465",NA,NA,"GenomeTrakr-LFFM;FY1"
131," SAMN16136464",NA,NA,"GenomeTrakr-LFFM;FY1"
132," SAMN16090661",NA,NA,"GenomeTrakr-LFFM;FY1"
133," SAMN16090660",NA,NA,"GenomeTrakr-LFFM;FY1"
134," SAMN16090659",NA,NA,"GenomeTrakr-LFFM;FY1"
135," SAMN16090658",NA,NA,"GenomeTrakr-LFFM;FY1"
136," SAMN16056748",NA,NA,"GenomeTrakr-LFFM;FY1"
137," SAMN16056747",NA,NA,"GenomeTrakr-LFFM;FY1"
138," SAMN16056746",NA,NA,"GenomeTrakr-LFFM;FY1"
139," SAMN16056745",NA,NA,"GenomeTrakr-LFFM;FY1"
140," SAMN16056744",NA,NA,"GenomeTrakr-LFFM;FY1"
141," SAMN16056743",NA,NA,"GenomeTrakr-LFFM;FY1"
142," SAMN16056705",NA,NA,"GenomeTrakr-LFFM;FY1"
143," SAMN16056704",NA,NA,"GenomeTrakr-LFFM;FY1"
144," SAMN16056703",NA,NA,"GenomeTrakr-LFFM;FY1"
145," SAMN16056702",NA,NA,"GenomeTrakr-LFFM;FY1"
146," SAMN16056701",NA,NA,"GenomeTrakr-LFFM;FY1"
147," SAMN16054538",NA,NA,"GenomeTrakr-LFFM;FY1"
148," SAMN16054537",NA,NA,"GenomeTrakr-LFFM;FY1"
149," SAMN16054347",NA,NA,"GenomeTrakr-LFFM;FY1"
150," SAMN16054346",NA,NA,"GenomeTrakr-LFFM;FY1"
151," SAMN16054345",NA,NA,"GenomeTrakr-LFFM;FY1"
152," SAMN16054344",NA,NA,"GenomeTrakr-LFFM;FY1"
153," SAMN16054343",NA,NA,"GenomeTrakr-LFFM;FY1"
154," SAMN16054342",NA,NA,"GenomeTrakr-LFFM;FY1"
155," SAMN16054341",NA,NA,"GenomeTrakr-LFFM;FY1"
156," SAMN16054340",NA,NA,"GenomeTrakr-LFFM;FY1"
157," SAMN16054339",NA,NA,"GenomeTrakr-LFFM;FY1"
158," SAMN16054338",NA,NA,"GenomeTrakr-LFFM;FY1"
159," SAMN16054337",NA,NA,"GenomeTrakr-LFFM;FY1"
160," SAMN16054336",NA,NA,"GenomeTrakr-LFFM;FY1"
161," SAMN16054335",NA,NA,"GenomeTrakr-LFFM;FY1"
162," SAMN16054334",NA,NA,"GenomeTrakr-LFFM;FY1"
163," SAMN16054333",NA,NA,"GenomeTrakr-LFFM;FY1"
164," SAMN16054332",NA,NA,"GenomeTrakr-LFFM;FY1"
165," SAMN16054331",NA,NA,"GenomeTrakr-LFFM;FY1"
166," SAMN16054330",NA,NA,"GenomeTrakr-LFFM;FY1"
167," SAMN16054329",NA,NA,"GenomeTrakr-LFFM;FY1"
168," SAMN16054328",NA,NA,"GenomeTrakr-LFFM;FY1"
169," SAMN15777167",NA,NA,"GenomeTrakr-LFFM;FY1"
170," SAMN15777166",NA,NA,"GenomeTrakr-LFFM;FY1"
171," SAMN15777165",NA,NA,"GenomeTrakr-LFFM;FY1"
172," SAMN15777164",NA,NA,"GenomeTrakr-LFFM;FY1"
173," SAMN15777162",NA,NA,"GenomeTrakr-LFFM;FY1"
174," SAMN15777160",NA,NA,"GenomeTrakr-LFFM;FY1"
175," SAMN15777158",NA,NA,"GenomeTrakr-LFFM;FY1"
176," SAMN15777155",NA,NA,"GenomeTrakr-LFFM;FY1"
177," SAMN15777154",NA,NA,"GenomeTrakr-LFFM;FY1"
178," SAMN15777153",NA,NA,"GenomeTrakr-LFFM;FY1"
179," SAMN15777151",NA,NA,"GenomeTrakr-LFFM;FY1"
180," SAMN15777150",NA,NA,"GenomeTrakr-LFFM;FY1"
181," SAMN15777149",NA,NA,"GenomeTrakr-LFFM;FY1"
182," SAMN15776912",NA,NA,"GenomeTrakr-LFFM;FY1"
183," SAMN15776543",NA,NA,"GenomeTrakr-LFFM;FY1"
184," SAMN15690758",NA,NA,NA
185," SAMN15483657",NA,NA,NA
186," SAMN15483656",NA,NA,NA
187," SAMN15483655",NA,NA,NA
188," SAMN15483654",NA,NA,NA
189," SAMN15483653",NA,NA,NA
190," SAMN15352609",NA,NA,NA
191," SAMN15344674",NA,NA,NA
192," SAMN15344672",NA,NA,NA
193," SAMN15344671",NA,NA,NA
194," SAMN15344669",NA,NA,NA
195," SAMN15344667",NA,NA,NA
196," SAMN15182323",NA,NA,NA
197," SAMN15182322",NA,NA,NA
198," SAMN15182321",NA,NA,NA
199," SAMN15182320",NA,NA,NA
200," SAMN15182319",NA,NA,NA
201," SAMN15182318",NA,NA,NA
202," SAMN15182317",NA,NA,NA
203," SAMN15182316",NA,NA,NA
204," SAMN15182315",NA,NA,NA
205," SAMN15182314",NA,NA,NA
206," SAMN15182313",NA,NA,NA
207," SAMN15182312",NA,NA,NA
208," SAMN15182311",NA,NA,NA
209," SAMN15182310",NA,NA,NA
210," SAMN15182309",NA,NA,NA
211," SAMN15182308",NA,NA,NA
212," SAMN15182307",NA,NA,NA
213," SAMN15182304",NA,NA,NA
214," SAMN15182303",NA,NA,NA
215," SAMN15182302",NA,NA,NA
216," SAMN15182301",NA,NA,NA
217," SAMN15182300",NA,NA,NA
218," SAMN15182299",NA,NA,NA
219," SAMN14891779",NA,NA,NA
220," SAMN14891778",NA,NA,NA
221," SAMN14891777",NA,NA,NA
222," SAMN14750856",NA,NA,NA
223," SAMN14750855",NA,NA,NA
224," SAMN14750854",NA,NA,NA
225," SAMN14750852",NA,NA,NA
226," SAMN14750012",NA,NA,NA
227," SAMN14750011",NA,NA,NA
228," SAMN14750010",NA,NA,NA
229," SAMN14750009",NA,NA,NA
230," SAMN14749996",NA,NA,NA
231," SAMN14749995",NA,NA,NA
232," SAMN14749994",NA,NA,NA
233," SAMN14749993",NA,NA,NA
234," SAMN14749992",NA,NA,NA
235," SAMN14749989",NA,NA,NA
236," SAMN14749988",NA,NA,NA
237," SAMN14749987",NA,NA,NA
238," SAMN14593722",NA,NA,NA
239," SAMN14593721",NA,NA,NA
240," SAMN14593720",NA,NA,NA
241," SAMN14593719",NA,NA,NA
242," SAMN14593718",NA,NA,NA
243," SAMN14593717",NA,NA,NA
244," SAMN14593716",NA,NA,NA
245," SAMN14544546","CFSAN105108","PRJNA481346",NA
246," SAMN14316687",NA,NA,NA
247," SAMN14316686",NA,NA,NA
248," SAMN14316685",NA,NA,NA
249," SAMN14316684",NA,NA,NA
250," SAMN14316633",NA,NA,NA
251," SAMN14316629",NA,NA,NA
252," SAMN14316627",NA,NA,NA
253," SAMN14316625",NA,NA,NA
254," SAMN14316624",NA,NA,NA
255," SAMN14316622",NA,NA,NA
256," SAMN14316621",NA,NA,NA
257," SAMN14316619",NA,NA,NA
258," SAMN14316618",NA,NA,NA
259," SAMN14316590",NA,NA,NA
260," SAMN14316589",NA,NA,NA
261," SAMN14316588",NA,NA,NA
262," SAMN14316586",NA,NA,NA
263," SAMN14316585",NA,NA,NA
264," SAMN14316584",NA,NA,NA
265," SAMN14291765",NA,NA,NA
266," SAMN14271033",NA,NA,NA
267," SAMN14271032",NA,NA,NA
268," SAMN14271031",NA,NA,NA
269," SAMN14271030",NA,NA,NA
270," SAMN14271025",NA,NA,NA
271," SAMN14270852",NA,NA,NA
272," SAMN14270851",NA,NA,NA
273," SAMN14270850",NA,NA,NA
274," SAMN14214498",NA,NA,NA
275," SAMN14214497",NA,NA,NA
276," SAMN14214496",NA,NA,NA
277," SAMN14214495",NA,NA,NA
278," SAMN14214494",NA,NA,NA
279," SAMN14214493",NA,NA,NA
280," SAMN14214492",NA,NA,NA
281," SAMN14214491",NA,NA,NA
282," SAMN14214490",NA,NA,NA
283," SAMN14214489",NA,NA,NA
284," SAMN14140217",NA,NA,NA
285," SAMN14140216",NA,NA,NA
286," SAMN14140215",NA,NA,NA
287," SAMN14140214",NA,NA,NA
288," SAMN14140213",NA,NA,NA
289," SAMN14140212",NA,NA,NA
290," SAMN14140211",NA,NA,NA
291," SAMN14140210",NA,NA,NA
292," SAMN14140209",NA,NA,NA
293," SAMN14140208",NA,NA,NA
294," SAMN14140207",NA,NA,NA
295," SAMN14140206",NA,NA,NA
296," SAMN14140205",NA,NA,NA
297," SAMN14140204",NA,NA,NA
298," SAMN14140203",NA,NA,NA
299," SAMN14140202",NA,NA,NA
300," SAMN14140201",NA,NA,NA
301," SAMN14140200",NA,NA,NA
302," SAMN14140199",NA,NA,NA
303," SAMN14140198",NA,NA,NA
304," SAMN14140197",NA,NA,NA
305," SAMN14140196",NA,NA,NA
306," SAMN14140195",NA,NA,NA
307," SAMN14140189",NA,NA,NA
308," SAMN14140188",NA,NA,NA
309," SAMN14140187",NA,NA,NA
310," SAMN14140186",NA,NA,NA
311," SAMN14140185",NA,NA,NA
312," SAMN14138286",NA,NA,NA
313," SAMN14137979",NA,NA,NA
314," SAMN14137978",NA,NA,NA
315," SAMN14137905",NA,NA,NA
316," SAMN14137904",NA,NA,NA
317," SAMN14137903",NA,NA,NA
318," SAMN14137902",NA,NA,NA
319," SAMN14137901",NA,NA,NA
320," SAMN14137900",NA,NA,NA
321," SAMN14137899",NA,NA,NA
322," SAMN14137898",NA,NA,NA
323," SAMN14137897",NA,NA,NA
324," SAMN14137896",NA,NA,NA
325," SAMN14137892",NA,NA,NA
326," SAMN14137891",NA,NA,NA
327," SAMN14137890",NA,NA,NA
328," SAMN14137889",NA,NA,NA
329," SAMN14137888",NA,NA,NA
330," SAMN14137887",NA,NA,NA
331," SAMN14137886",NA,NA,NA
332," SAMN14137885",NA,NA,NA
333," SAMN14137884",NA,NA,NA
334," SAMN14137883",NA,NA,NA
335," SAMN14113863",NA,NA,NA
336," SAMN14113862",NA,NA,NA
337," SAMN14113861",NA,NA,NA
338," SAMN14113860",NA,NA,NA
339," SAMN14113850",NA,NA,NA
340," SAMN14113847",NA,NA,NA
341," SAMN14113844",NA,NA,NA
342," SAMN14113843",NA,NA,NA
343," SAMN14113842",NA,NA,NA
344," SAMN14113841",NA,NA,NA
345," SAMN14113840",NA,NA,NA
346," SAMN14113839",NA,NA,NA
347," SAMN14113838",NA,NA,NA
348," SAMN14113837",NA,NA,NA
349," SAMN14113836",NA,NA,NA
350," SAMN14113835",NA,NA,NA
351," SAMN14113834",NA,NA,NA
352," SAMN14084247",NA,NA,NA
353," SAMN14083873",NA,NA,NA
354," SAMN14083870",NA,NA,NA
355," SAMN14083869",NA,NA,NA
356," SAMN14083868",NA,NA,NA
357," SAMN14083867",NA,NA,NA
358," SAMN14083866",NA,NA,NA
359," SAMN14083865",NA,NA,NA
360," SAMN14083864",NA,NA,NA
361," SAMN14083863",NA,NA,NA
362," SAMN14083862",NA,NA,NA
363," SAMN14083860",NA,NA,NA
364," SAMN14083859",NA,NA,NA
365," SAMN14083858",NA,NA,NA
366," SAMN14083857",NA,NA,NA
367," SAMN14083856",NA,NA,NA
368," SAMN14083855",NA,NA,NA
369," SAMN14080885",NA,NA,NA
370," SAMN14080884",NA,NA,NA
371," SAMN14080883",NA,NA,NA
372," SAMN14080882",NA,NA,NA
373," SAMN14080881",NA,NA,NA
374," SAMN14080880",NA,NA,NA
375," SAMN14057294",NA,NA,NA
376," SAMN14057293",NA,NA,NA
377," SAMN14009998","CFSAN104254","PRJNA318589",NA
378," SAMN14009994","CFSAN104251","PRJNA318589",NA
379," SAMN14008726","CFSAN104253","PRJNA318589",NA
380," SAMN13911825",NA,NA,NA
381," SAMN13911824",NA,NA,NA
382," SAMN13898880",NA,NA,NA
383," SAMN13898879",NA,NA,NA
384," SAMN13898878",NA,NA,NA
385," SAMN13898877",NA,NA,NA
386," SAMN13898876",NA,NA,NA
387," SAMN13898875",NA,NA,NA
388," SAMN13898874",NA,NA,NA
389," SAMN13898873",NA,NA,NA
390," SAMN13898872",NA,NA,NA
391," SAMN13898871",NA,NA,NA
392," SAMN13898870",NA,NA,NA
393," SAMN13898869",NA,NA,NA
394," SAMN13898868",NA,NA,NA
395," SAMN13898867",NA,NA,NA
396," SAMN13898866",NA,NA,NA
397," SAMN13703503","CFSAN103349","PRJNA318589",NA
398," SAMN13703479","CFSAN103350","PRJNA318589",NA
399," SAMN13703363","CFSAN103348","PRJNA318589",NA
400," SAMN13703359","CFSAN103347","PRJNA318589",NA
401," SAMN13703356","CFSAN103346","PRJNA318589",NA
402," SAMN13518347",NA,NA,NA
403," SAMN13518346",NA,NA,NA
404," SAMN13513948",NA,NA,NA
405," SAMN13513942",NA,NA,NA
406," SAMN13513938",NA,NA,NA
407," SAMN13513937",NA,NA,NA
408," SAMN13513936",NA,NA,NA
409," SAMN13513935",NA,NA,NA
410," SAMN13513930",NA,NA,NA
411," SAMN13513929",NA,NA,NA
412," SAMN13513928",NA,NA,NA
413," SAMN13513927",NA,NA,NA
414," SAMN13513926",NA,NA,NA
415," SAMN13502891",NA,NA,NA
416," SAMN13502890",NA,NA,NA
417," SAMN13502889",NA,NA,NA
418," SAMN13502695",NA,NA,NA
419," SAMN13502693",NA,NA,NA
420," SAMN13482430",NA,NA,NA
421," SAMN13429289",NA,NA,NA
422," SAMN13429240",NA,NA,NA
423," SAMN13418005",NA,NA,NA
424," SAMN13418004",NA,NA,NA
425," SAMN13392953",NA,NA,NA
426," SAMN13392952",NA,NA,NA
427," SAMN13392951",NA,NA,NA
428," SAMN13392863",NA,NA,NA
429," SAMN13392862",NA,NA,NA
430," SAMN13392861",NA,NA,NA
431," SAMN13392860",NA,NA,NA
432," SAMN13392859",NA,NA,NA
433," SAMN13392858",NA,NA,NA
434," SAMN13392857",NA,NA,NA
435," SAMN13392856",NA,NA,NA
436," SAMN13392855",NA,NA,NA
437," SAMN13392854",NA,NA,NA
438," SAMN13392853",NA,NA,NA
439," SAMN13392852",NA,NA,NA
440," SAMN13392851",NA,NA,NA
441," SAMN13392850",NA,NA,NA
442," SAMN13392849",NA,NA,NA
443," SAMN13392848",NA,NA,NA
444," SAMN13392847",NA,NA,NA
445," SAMN13392846",NA,NA,NA
446," SAMN13352864",NA,NA,NA
447," SAMN13352863",NA,NA,NA
448," SAMN13352862",NA,NA,NA
449," SAMN13352861",NA,NA,NA
450," SAMN13352860",NA,NA,NA
451," SAMN13352859",NA,NA,NA
452," SAMN13352858",NA,NA,NA
453," SAMN13352857",NA,NA,NA
454," SAMN13352856",NA,NA,NA
455," SAMN13352855",NA,NA,NA
456," SAMN13352752",NA,NA,NA
457," SAMN13348248",NA,NA,NA
458," SAMN13337618",NA,NA,NA
459," SAMN12601506","CFSAN096730","PRJNA318589",NA
460," SAMN12601400","CFSAN096733","PRJNA318589",NA
461," SAMN12438469",NA,NA,NA
462," SAMN12438468",NA,NA,NA
463," SAMN11940238","CFSAN087403",NA,"GenomeTrakr"
464," SAMN11918773","CFSAN093002","PRJNA318589",NA
465," SAMN11656310","CFSAN087404",NA,"GenomeTrakr"
466," SAMN11655572","CFSAN087406",NA,"GenomeTrakr"
467," SAMN11655526","CFSAN087408",NA,"GenomeTrakr"
468," SAMN11654912","CFSAN087407",NA,"GenomeTrakr"
469," SAMN11654866","CFSAN087405","PRJNA230969","GenomeTrakr"
470," SAMN11636422","CFSAN093560","PRJNA318589",NA
471," SAMN11604704","CFSAN093367",NA,NA
472," SAMN11604702","CFSAN093509",NA,NA
473," SAMN11371681","CFSAN093001","PRJNA318589",NA
474," SAMN11371671","CFSAN093004","PRJNA318589",NA
475," SAMN11371660","CFSAN093003","PRJNA318589",NA
477," SAMN10442553","CFSAN088194","PRJNA318589",NA
478," SAMN10442532","CFSAN088196","PRJNA318589",NA
479," SAMN10442528","CFSAN088195","PRJNA318589",NA
480," SAMN10442523","CFSAN088197","PRJNA318589",NA
481," SAMN10079295","CFSAN085714","PRJNA318589",NA
482," SAMN10079292","CFSAN085715","PRJNA318589",NA
483," SAMN10079282","CFSAN085716","PRJNA318589",NA
484," SAMN09954431","CFSAN085658","PRJNA357722",NA
485," SAMN09943601","CFSAN085512","PRJNA283914",NA
486," SAMN09788596","CFSAN084917",NA,"GenomeTrakr"
487," SAMN09788582","CFSAN084916",NA,"GenomeTrakr"
488," SAMN09772651",NA,NA,NA
489," SAMN09484328","CFSAN082780","PRJNA283914",NA
490," SAMN08668638",NA,NA,NA
491," SAMN08668637",NA,NA,NA
492," SAMN08668636",NA,NA,NA
493," SAMN08397420","CFSAN075426","PRJNA318589",NA
495," SAMN08274654","CFSAN073808","PRJNA283914",NA
496," SAMN07776890","CFSAN070462","PRJNA283914",NA
497," SAMN07747812","CFSAN070164","PRJNA318589",NA
500," SAMN06560503",NA,NA,NA
501," SAMN06555530",NA,NA,NA
502," SAMN06464731",NA,NA,NA
503," SAMN06445902",NA,NA,NA
504," SAMN06339265",NA,NA,NA
505," SAMN06339264",NA,NA,NA
506," SAMN06049496",NA,NA,NA
507," SAMN05607375",NA,NA,NA
508," SAMN05607374",NA,NA,NA
509," SAMN05605267",NA,NA,NA
510," SAMN05605266",NA,NA,NA
511," SAMN05605256",NA,NA,NA
512," SAMN05605255",NA,NA,NA
513," SAMN05605254",NA,NA,NA
514," SAMN05596349",NA,NA,NA
515," SAMN05596189",NA,NA,NA
516," SAMN05596183",NA,NA,NA
517," SAMN05591739",NA,NA,NA
518," SAMN05591734",NA,NA,NA
519," SAMN05591695",NA,NA,NA
520," SAMN05591681",NA,NA,NA
521," SAMN05591680",NA,NA,NA
522," SAMN05591669",NA,NA,NA
523," SAMN05591664",NA,NA,NA
524," SAMN05591663",NA,NA,NA
525," SAMN05591662",NA,NA,NA
526," SAMN05591661",NA,NA,NA
527," SAMN05591660",NA,NA,NA
528," SAMN05591659",NA,NA,NA
529," SAMN05591658",NA,NA,NA
530," SAMN05591657",NA,NA,NA
531," SAMN05591656",NA,NA,NA
532," SAMN05591655",NA,NA,NA
533," SAMN05591654",NA,NA,NA
534," SAMN05591653",NA,NA,NA
535," SAMN05591652",NA,NA,NA
536," SAMN05591650",NA,NA,NA
537," SAMN05591577",NA,NA,NA
538," SAMN05591576",NA,NA,NA
539," SAMN05591575",NA,NA,NA
540," SAMN05591574",NA,NA,NA
541," SAMN05591573",NA,NA,NA
542," SAMN05591566",NA,NA,NA
543," SAMN05591565",NA,NA,NA
544," SAMN05591564",NA,NA,NA
545," SAMN05591563",NA,NA,NA
546," SAMN05591562",NA,NA,NA
547," SAMN05591561",NA,NA,NA
548," SAMN05591560",NA,NA,NA
549," SAMN05591559",NA,NA,NA
550," SAMN05591558",NA,NA,NA
551," SAMN05591557",NA,NA,NA
552," SAMN05591556",NA,NA,NA
553," SAMN05591555",NA,NA,NA
554," SAMN05591554",NA,NA,NA
555," SAMN05591553",NA,NA,NA
556," SAMN05591552",NA,NA,NA
557," SAMN05591551",NA,NA,NA
558," SAMN05591550",NA,NA,NA
559," SAMN05591549",NA,NA,NA
560," SAMN05591548",NA,NA,NA
561," SAMN05591547",NA,NA,NA
562," SAMN05591546",NA,NA,NA
563," SAMN05591545",NA,NA,NA
564," SAMN05591544",NA,NA,NA
565," SAMN05591543",NA,NA,NA
566," SAMN05591542",NA,NA,NA
567," SAMN05591541",NA,NA,NA
568," SAMN05591540",NA,NA,NA
569," SAMN05591539",NA,NA,NA
570," SAMN05591538",NA,NA,NA
571," SAMN05591537",NA,NA,NA
572," SAMN05591536",NA,NA,NA
573," SAMN05591535",NA,NA,NA
574," SAMN05591534",NA,NA,NA
575," SAMN05591533",NA,NA,NA
576," SAMN05591532",NA,NA,NA
577," SAMN05591531",NA,NA,NA
578," SAMN05591530",NA,NA,NA
579," SAMN05591529",NA,NA,NA
580," SAMN05591528",NA,NA,NA
581," SAMN05591527",NA,NA,NA
582," SAMN05591526",NA,NA,NA
583," SAMN05591525",NA,NA,NA
584," SAMN05591524",NA,NA,NA
585," SAMN05591523",NA,NA,NA
586," SAMN05591522",NA,NA,NA
587," SAMN05591521",NA,NA,NA
588," SAMN05591520",NA,NA,NA
589," SAMN05591519",NA,NA,NA
590," SAMN05591518",NA,NA,NA
591," SAMN05591517",NA,NA,NA
592," SAMN05591516",NA,NA,NA
593," SAMN05452816",NA,NA,NA
594," SAMN05439439",NA,NA,NA
595," SAMN05439309",NA,NA,NA
596," SAMN05439308",NA,NA,NA
597," SAMN05439307",NA,NA,NA
598," SAMN05439306",NA,NA,NA
599," SAMN05366684",NA,NA,NA
600," SAMN04992323",NA,NA,NA
601," SAMN04992192",NA,NA,NA
602," SAMN04992191",NA,NA,NA
603," SAMN04992190",NA,NA,NA
604," SAMN04914018",NA,NA,NA
605," SAMN04913893",NA,NA,NA
606," SAMN04498509",NA,NA,NA
607," SAMN04279467",NA,NA,NA
608," SAMN04279339",NA,NA,NA
609," SAMN04158364",NA,NA,NA
610," SAMN04158360",NA,NA,NA
611," SAMN04158356",NA,NA,NA
612," SAMN04158355",NA,NA,NA
640," SAMN03216756",NA,NA,NA
641," SAMN03216754",NA,NA,NA
642," SAMN03216753",NA,NA,NA
643," SAMN02628653",NA,NA,NA
644," SAMN02628618",NA,NA,NA
645," SAMN02628615",NA,NA,NA
646," SAMN02628613",NA,NA,NA
647," SAMN02628582",NA,NA,NA
648," SAMN02628537",NA,NA,NA
649," SAMN02628536",NA,NA,NA
650," SAMN29445096",NA,NA,NA
651," SAMN08744317","CFSAN078297","PRJNA230969","GenomeTrakr"
652," SAMN28115252",NA,NA,NA
653," SAMN28115246",NA,NA,NA
654," SAMN26900703",NA,NA,NA
655," SAMN26582956",NA,NA,NA
656," SAMN14503662",NA,NA,NA
657," SAMN14503491",NA,NA,NA
658," SAMN12438607",NA,NA,NA
659," SAMN12438604",NA,NA,NA
660," SAMN12438603",NA,NA,NA
661," SAMN12438602",NA,NA,NA
662," SAMN12438427",NA,NA,NA
663," SAMN12438419",NA,NA,NA
664," SAMN04279469",NA,NA,NA
665," SAMN04279468",NA,NA,NA
666," SAMN25553781",NA,NA,NA
667," SAMN25553780",NA,NA,NA
668," SAMN25415161",NA,NA,NA
669," SAMN25415160",NA,NA,NA
670," SAMN25415159",NA,NA,NA
671," SAMN25415158",NA,NA,NA
672," SAMN25415149",NA,NA,NA
673," SAMN25289171",NA,NA,NA
674," SAMN25289170",NA,NA,NA
675," SAMN25289115",NA,NA,NA
676," SAMN25289114",NA,NA,NA
677," SAMN25289113",NA,NA,NA
678," SAMN25289112",NA,NA,NA
679," SAMN25289111",NA,NA,NA
680," SAMN25232966",NA,NA,NA
681," SAMN25232926",NA,NA,NA
682," SAMN25232925",NA,NA,NA
683," SAMN25232924",NA,NA,NA
684," SAMN24849109",NA,NA,NA
685," SAMN24849098",NA,NA,NA
686," SAMN24718543",NA,NA,NA
687," SAMN24718427",NA,NA,NA
688," SAMN24589423",NA,NA,NA
689," SAMN24589422",NA,NA,NA
690," SAMN24589310",NA,NA,NA
691," SAMN07410535",NA,NA,NA
693," SAMN03997210",NA,NA,NA
694," SAMN03997209",NA,NA,NA
695," SAMN23828480",NA,NA,NA
696," SAMN23796877",NA,NA,NA
697," SAMN22894332",NA,NA,NA
698," SAMN16313289",NA,NA,NA
699," SAMN18634049",NA,NA,NA
700," SAMN18634047",NA,NA,NA
701," SAMN18634045",NA,NA,NA
702," SAMN18634029",NA,NA,NA
703," SAMN21217687",NA,NA,NA
704," SAMN21217686",NA,NA,NA
705," SAMN21217685",NA,NA,NA
706," SAMN21217595",NA,NA,NA
707," SAMN21217594",NA,NA,NA
708," SAMN21217593",NA,NA,NA
709," SAMN21217592",NA,NA,NA
710," SAMN21217591",NA,NA,NA
711," SAMN21217590",NA,NA,NA
712," SAMN21217589",NA,NA,NA
713," SAMN21217526",NA,NA,NA
714," SAMN21217525",NA,NA,NA
715," SAMN20747016",NA,NA,NA
716," SAMN20394502",NA,NA,NA
717," SAMN20308155",NA,NA,NA
718," SAMN20335555",NA,NA,NA
719," SAMN20335554",NA,NA,NA
720," SAMN20200289",NA,NA,NA
721," SAMN20200288",NA,NA,NA
722," SAMN20200287",NA,NA,NA
723," SAMN20200285",NA,NA,NA
724," SAMN20200284",NA,NA,NA
725," SAMN20200282",NA,NA,NA
726," SAMN20200280",NA,NA,NA
727," SAMN20200278",NA,NA,NA
728," SAMN20200277",NA,NA,NA
729," SAMN20200276",NA,NA,NA
730," SAMN20200275",NA,NA,NA
731," SAMN19101990",NA,NA,NA
732," SAMN20152643",NA,NA,NA
733," SAMN20152641",NA,NA,NA
734," SAMN19796673",NA,NA,NA
735," SAMN19236134",NA,NA,NA
736," SAMN18242922",NA,NA,NA
737," SAMN18139855",NA,NA,NA
738," SAMN16357420",NA,NA,NA
739," SAMN04396018",NA,NA,NA
740," SAMN04293346",NA,NA,NA
741," SAMN04293318",NA,NA,NA
742," SAMN16357411",NA,NA,NA
743," SAMN16357436",NA,NA,NA
744," SAMN09633363",NA,NA,NA
745," SAMN09633359",NA,NA,NA
746," SAMN05452815",NA,NA,NA
747," SAMN04914022",NA,NA,NA
748," SAMN04913891",NA,NA,NA
749," SAMN04913883",NA,NA,NA
750," SAMN04913878",NA,NA,NA
751," SAMN04158353",NA,NA,NA
752," SAMN04158344",NA,NA,NA
753," SAMN02368222",NA,NA,NA
754," SAMN02368221",NA,NA,NA
755," SAMN02368219",NA,NA,NA
756," SAMN02368218",NA,NA,NA
757," SAMN02368214",NA,NA,NA
758," SAMN02368213",NA,NA,NA
759," SAMN02368211",NA,NA,NA
760," SAMN02368205",NA,NA,NA
761," SAMN02368204",NA,NA,NA
762," SAMN02368198",NA,NA,NA
763," SAMN02368193",NA,NA,NA
764," SAMN02368188",NA,NA,NA
765," SAMN02368184",NA,NA,NA
766," SAMN17846548",NA,NA,NA
767," SAMN16357515",NA,NA,NA
768," SAMN16357514",NA,NA,NA
769," SAMN16357513",NA,NA,NA
770," SAMN16357512",NA,NA,NA
771," SAMN16357479",NA,NA,NA
772," SAMN16357446",NA,NA,NA
773," SAMN16357445",NA,NA,NA
774," SAMN16357444",NA,NA,NA
775," SAMN16357443",NA,NA,NA
776," SAMN16357442",NA,NA,NA
777," SAMN16357441",NA,NA,NA
778," SAMN16357440",NA,NA,NA
779," SAMN16357439",NA,NA,NA
780," SAMN16357438",NA,NA,NA
781," SAMN16357437",NA,NA,NA
782," SAMN16357435",NA,NA,NA
783," SAMN16357434",NA,NA,NA
784," SAMN16357433",NA,NA,NA
785," SAMN16357432",NA,NA,NA
786," SAMN16357431",NA,NA,NA
787," SAMN16357430",NA,NA,NA
788," SAMN16357429",NA,NA,NA
789," SAMN16357428",NA,NA,NA
790," SAMN16357427",NA,NA,NA
791," SAMN16357426",NA,NA,NA
792," SAMN16357425",NA,NA,NA
793," SAMN16357424",NA,NA,NA
794," SAMN16357423",NA,NA,NA
795," SAMN16357422",NA,NA,NA
796," SAMN16357421",NA,NA,NA
797," SAMN16357419",NA,NA,NA
798," SAMN16357418",NA,NA,NA
799," SAMN16357410",NA,NA,NA
800," SAMN16357409",NA,NA,NA
801," SAMN16357408",NA,NA,NA
802," SAMN16357407",NA,NA,NA
803," SAMN16357406",NA,NA,NA
804," SAMN16357404",NA,NA,NA
805," SAMN16357403",NA,NA,NA
806," SAMN16357402",NA,NA,NA
807," SAMN16357401",NA,NA,NA
808," SAMN16357400",NA,NA,NA
809," SAMN16357399",NA,NA,NA
810," SAMN16357398",NA,NA,NA
811," SAMN16357397",NA,NA,NA
812," SAMN16357396",NA,NA,NA
813," SAMN16357395",NA,NA,NA
814," SAMN16357394",NA,NA,NA
815," SAMN16357393",NA,NA,NA
816," SAMN16357392",NA,NA,NA
817," SAMN16357391",NA,NA,NA
818," SAMN16357390",NA,NA,NA
819," SAMN14774255",NA,NA,NA
820," SAMN14774253",NA,NA,NA
821," SAMN14774237",NA,NA,NA
822," SAMN14774236",NA,NA,NA
823," SAMN14774235",NA,NA,NA
824," SAMN14774234",NA,NA,NA
825," SAMN14774231",NA,NA,NA
826," SAMN17389782",NA,NA,NA
827," SAMN11168330",NA,NA,NA
828," SAMN17103594",NA,NA,NA
829," SAMN16357412",NA,NA,NA
830," SAMN16357405",NA,NA,NA
831," SAMN16484193",NA,NA,NA
832," SAMN16484192",NA,NA,NA
833," SAMN16484191",NA,NA,NA
834," SAMN16484190",NA,NA,NA
835," SAMN15776725",NA,NA,NA
836," SAMN15776724",NA,NA,NA
837," SAMN15776723",NA,NA,NA
838," SAMN15776722",NA,NA,NA
839," SAMN15776721",NA,NA,NA
840," SAMN15249510",NA,NA,NA
841," SAMN15077531",NA,NA,NA
843," SAMN13898680",NA,NA,NA
844," SAMN13898679",NA,NA,NA
845," SAMN13898678",NA,NA,NA
846," SAMN13837787",NA,NA,NA
847," SAMN13340304",NA,NA,NA
848," SAMN12338296",NA,NA,NA
849," SAMN12251445",NA,NA,NA
850," SAMN12008079",NA,NA,NA
851," SAMN04901713",NA,NA,NA
852," SAMN04338400",NA,NA,NA
853," SAMN03922007",NA,NA,NA
854," SAMN03897504",NA,NA,NA
856," SAMN11655349",NA,NA,NA
857," SAMN11634800",NA,NA,NA
858," SAMN11634739",NA,NA,NA
859," SAMN11546103",NA,NA,NA
860," SAMN11546041",NA,NA,NA
861," SAMN11456362",NA,NA,NA
862," SAMN11419585",NA,NA,NA
863," SAMN11318675",NA,NA,NA
864," SAMN11160851",NA,NA,NA
865," SAMN10840085",NA,NA,NA
866," SAMN10695844",NA,NA,NA
867," SAMN10661785",NA,NA,NA
868," SAMN10612512",NA,NA,NA
869," SAMN10461447",NA,NA,NA
870," SAMN10034794",NA,NA,NA
871," SAMN09849958",NA,NA,NA
872," SAMN09784432",NA,NA,NA
873," SAMN09742382",NA,NA,NA
874," SAMN09727443",NA,NA,NA
875," SAMN09727442",NA,NA,NA
876," SAMN09730235",NA,NA,NA
877," SAMN09666283",NA,NA,NA
878," SAMN09545011",NA,NA,NA
879," SAMN09489588",NA,NA,NA
880," SAMN09444059",NA,NA,NA
881," SAMN09343323",NA,NA,NA
882," SAMN09267085",NA,NA,NA
883," SAMN09013517",NA,NA,NA
884," SAMN08937775",NA,NA,NA
885," SAMN08930675",NA,NA,NA
886," SAMN08909991",NA,NA,NA
887," SAMN08909997",NA,NA,NA
888," SAMN08909996",NA,NA,NA
889," SAMN08380142",NA,NA,NA
890," SAMN08167613",NA,NA,NA
891," SAMN07410326",NA,NA,NA
892," SAMN06700864",NA,NA,NA
893," SAMN03198026",NA,NA,NA
894," SAMN03197985",NA,NA,NA
895," SAMN03197800",NA,NA,NA
896," SAMN03197730",NA,NA,NA
897," SAMN03197675",NA,NA,NA
898," SAMN03197619",NA,NA,NA
899," SAMN03197618",NA,NA,NA
900," SAMN03197200",NA,NA,NA
901," SAMN04091144",NA,NA,NA
902," SAMN03940980",NA,NA,NA
904," SAMN03921936",NA,NA,NA
905," SAMN03198214",NA,NA,NA
906," SAMN03198206",NA,NA,NA
907," SAMN03198205",NA,NA,NA
908," SAMN03198203",NA,NA,NA
909," SAMN03198186",NA,NA,NA
910," SAMN03198180",NA,NA,NA
911," SAMN03198151",NA,NA,NA
912," SAMN03198147",NA,NA,NA
913," SAMN03198142",NA,NA,NA
914," SAMN03198022",NA,NA,NA
915," SAMN03198020",NA,NA,NA
916," SAMN03197984",NA,NA,NA
917," SAMN03197971",NA,NA,NA
918," SAMN03197960",NA,NA,NA
919," SAMN03197954",NA,NA,NA
920," SAMN03197953",NA,NA,NA
921," SAMN03197952",NA,NA,NA
922," SAMN03197948",NA,NA,NA
923," SAMN03197946",NA,NA,NA
924," SAMN03197941",NA,NA,NA
925," SAMN03197940",NA,NA,NA
926," SAMN03197935",NA,NA,NA
927," SAMN03197933",NA,NA,NA
928," SAMN03197930",NA,NA,NA
929," SAMN03197928",NA,NA,NA
930," SAMN03197903",NA,NA,NA
931," SAMN03197900",NA,NA,NA
932," SAMN03197894",NA,NA,NA
933," SAMN03197892",NA,NA,NA
934," SAMN03197891",NA,NA,NA
935," SAMN03197877",NA,NA,NA
936," SAMN03197865",NA,NA,NA
937," SAMN03197852",NA,NA,NA
938," SAMN03197793",NA,NA,NA
939," SAMN03197781",NA,NA,NA
940," SAMN03197754",NA,NA,NA
941," SAMN03197722",NA,NA,NA
942," SAMN03197695",NA,NA,NA
943," SAMN03197679",NA,NA,NA
944," SAMN03197676",NA,NA,NA
945," SAMN03197658",NA,NA,NA
946," SAMN03197650",NA,NA,NA
947," SAMN03197649",NA,NA,NA
948," SAMN03197648",NA,NA,NA
949," SAMN03197647",NA,NA,NA
950," SAMN03197636",NA,NA,NA
951," SAMN03197611",NA,NA,NA
952," SAMN03197608",NA,NA,NA
953," SAMN03197478",NA,NA,NA
954," SAMN03197477",NA,NA,NA
955," SAMN03197466",NA,NA,NA
956," SAMN03197458",NA,NA,NA
957," SAMN03197457",NA,NA,NA
958," SAMN03197432",NA,NA,NA
959," SAMN03197431",NA,NA,NA
960," SAMN03197416",NA,NA,NA
961," SAMN03197404",NA,NA,NA
962," SAMN03197375",NA,NA,NA
963," SAMN03197283",NA,NA,NA
964," SAMN03197282",NA,NA,NA
965," SAMN03197251",NA,NA,NA
966," SAMN03197210",NA,NA,NA
967," SAMN03197194",NA,NA,NA
968," SAMN03197189",NA,NA,NA
969," SAMN03197184",NA,NA,NA
970," SAMN03197172",NA,NA,NA
971," SAMN03197161",NA,NA,NA
972," SAMN03197156",NA,NA,NA
973," SAMN03197145",NA,NA,NA
974," SAMN03197120",NA,NA,NA
975," SAMN03197062",NA,NA,NA
976," SAMN03197035",NA,NA,NA
977," SAMN03197028",NA,NA,NA
978," SAMN03197016",NA,NA,NA
980," SAMN02802195",NA,NA,NA
981," SAMN02802194",NA,NA,NA
982," SAMN02802193",NA,NA,NA
983," SAMN02802191",NA,NA,NA
984," SAMN02802190",NA,NA,NA
985," SAMN02802189",NA,NA,NA
986," SAMN02802188",NA,NA,NA
987," SAMN02802187",NA,NA,NA
988," SAMN02802186",NA,NA,NA
989," SAMN02802185",NA,NA,NA
990," SAMN02802184",NA,NA,NA
991," SAMN02802183",NA,NA,NA
992," SAMN02802182",NA,NA,NA
993," SAMN02802181",NA,NA,NA
994," SAMN02802180",NA,NA,NA
995," SAMN02802179",NA,NA,NA
996," SAMN02802178",NA,NA,NA
997," SAMN02802177",NA,NA,NA
998," SAMN02802176",NA,NA,NA
999," SAMN02802175",NA,NA,NA
1000," SAMN02802174",NA,NA,NA
1001," SAMN02802173",NA,NA,NA
1002," SAMN02802172",NA,NA,NA
1003," SAMN02802171",NA,NA,NA
1004," SAMN02802170",NA,NA,NA
1005," SAMN02802169",NA,NA,NA
1006," SAMN02802168",NA,NA,NA
1007," SAMN02802167",NA,NA,NA
1008," SAMN02802166",NA,NA,NA
1009," SAMN02802165",NA,NA,NA
1010," SAMN02802164",NA,NA,NA
1011," SAMN02802163",NA,NA,NA
1012," SAMN02802162",NA,NA,NA
1013," SAMN02802160",NA,NA,NA
1014," SAMN02802159",NA,NA,NA
1015," SAMN02802158",NA,NA,NA
1016," SAMN02802157",NA,NA,NA
1017," SAMN02802155",NA,NA,NA
1018," SAMN02802154",NA,NA,NA
1019," SAMN02802153",NA,NA,NA
1020," SAMN02802151",NA,NA,NA
1021," SAMN02802150",NA,NA,NA
1022," SAMN02802149",NA,NA,NA
1023," SAMN02802148",NA,NA,NA
1024," SAMN02802147",NA,NA,NA
1025," SAMN02802146",NA,NA,NA
1026," SAMN02802145",NA,NA,NA
1027," SAMN02802143",NA,NA,NA
1028," SAMN02802142",NA,NA,NA
1029," SAMN02802141",NA,NA,NA
1030," SAMN02802139",NA,NA,NA
1031," SAMN02802138",NA,NA,NA
1032," SAMN02802136",NA,NA,NA
1033," SAMN02802134",NA,NA,NA
1034," SAMN02802132",NA,NA,NA
1035," SAMN02802131",NA,NA,NA
1036," SAMN02802130",NA,NA,NA
1037," SAMN02802129",NA,NA,NA
1038," SAMN02802128",NA,NA,NA
1039," SAMN02802127",NA,NA,NA
1040," SAMN02802126",NA,NA,NA
1041," SAMN02802125",NA,NA,NA
1042," SAMN02802124",NA,NA,NA
1043," SAMN02802123",NA,NA,NA
1044," SAMN02802122",NA,NA,NA
1045," SAMN02802121",NA,NA,NA
1046," SAMN02802120",NA,NA,NA
1047," SAMN02802119",NA,NA,NA
1048," SAMN02802118",NA,NA,NA
1049," SAMN02802117",NA,NA,NA
1050," SAMN02802116",NA,NA,NA
1051," SAMN02802115",NA,NA,NA
1052," SAMN02802114",NA,NA,NA
1053," SAMN02802113",NA,NA,NA
1054," SAMN02802112",NA,NA,NA
1055," SAMN02802110",NA,NA,NA
1056," SAMN02802109",NA,NA,NA
1057," SAMN02802108",NA,NA,NA
1058," SAMN02802107",NA,NA,NA
1059," SAMN02802104",NA,NA,NA
1060," SAMN02802103",NA,NA,NA
1061," SAMN02802101",NA,NA,NA
1062," SAMN02802100",NA,NA,NA
1063," SAMN02802099",NA,NA,NA
1064," SAMN02802098",NA,NA,NA
1065," SAMN02802097",NA,NA,NA
1066," SAMN02802096",NA,NA,NA
1067," SAMN02802095",NA,NA,NA
1068," SAMN02802093",NA,NA,NA
1069," SAMN02802092",NA,NA,NA
1070," SAMN02802091",NA,NA,NA
1071," SAMN02802090",NA,NA,NA
1072," SAMN02802089",NA,NA,NA
1073," SAMN02802088",NA,NA,NA
1074," SAMN02802087",NA,NA,NA
1075," SAMN02802086",NA,NA,NA
1076," SAMN02802085",NA,NA,NA
1077," SAMN02802084",NA,NA,NA
1078," SAMN02802083",NA,NA,NA
1079," SAMN02802082",NA,NA,NA
1080," SAMN02802081",NA,NA,NA
1081," SAMN02802080",NA,NA,NA
1082," SAMN02802079",NA,NA,NA
1083," SAMN02802077",NA,NA,NA
1084," SAMN02802076",NA,NA,NA
1085," SAMN02802075",NA,NA,NA
1086," SAMN02802074",NA,NA,NA
1087," SAMN02802073",NA,NA,NA
1088," SAMN02802072",NA,NA,NA
1089," SAMN02802071",NA,NA,NA
1090," SAMN02802069",NA,NA,NA
1091," SAMN02802068",NA,NA,NA
1092," SAMN02802066",NA,NA,NA
1093," SAMN02802064",NA,NA,NA
1094," SAMN02802063",NA,NA,NA
1095," SAMN02802062",NA,NA,NA
1096," SAMN02802061",NA,NA,NA
1097," SAMN02802060",NA,NA,NA
1098," SAMN02802059",NA,NA,NA
1099," SAMN02802057",NA,NA,NA
1100," SAMN02802056",NA,NA,NA
1101," SAMN02802055",NA,NA,NA
1102," SAMN02802054",NA,NA,NA
1103," SAMN02802053",NA,NA,NA
1104," SAMN02802052",NA,NA,NA
1105," SAMN02802051",NA,NA,NA
1106," SAMN02802050",NA,NA,NA
1107," SAMN02802049",NA,NA,NA
1108," SAMN02802048",NA,NA,NA
1109," SAMN02802047",NA,NA,NA
1110," SAMN02802046",NA,NA,NA
1111," SAMN02802044",NA,NA,NA
1112," SAMN02802043",NA,NA,NA
1113," SAMN02802042",NA,NA,NA
1114," SAMN02802041",NA,NA,NA
1115," SAMN02802040",NA,NA,NA
1116," SAMN02802039",NA,NA,NA
1117," SAMN02802037",NA,NA,NA
1118," SAMN02802036",NA,NA,NA
1119," SAMN02802035",NA,NA,NA
1120," SAMN02802034",NA,NA,NA
1121," SAMN02802033",NA,NA,NA
1122," SAMN02802030",NA,NA,NA
1123," SAMN02802029",NA,NA,NA
1124," SAMN02802028",NA,NA,NA
1125," SAMN02802027",NA,NA,NA
1126," SAMN02802026",NA,NA,NA
1127," SAMN02802025",NA,NA,NA
1128," SAMN02802024",NA,NA,NA
1129," SAMN02802023",NA,NA,NA
1130," SAMN02802022",NA,NA,NA
1131," SAMN02802021",NA,NA,NA
1132," SAMN02802020",NA,NA,NA
1133," SAMN02802019",NA,NA,NA
1134," SAMN02802017",NA,NA,NA
1135," SAMN02802016",NA,NA,NA
1136," SAMN02802015",NA,NA,NA
1137," SAMN02802014",NA,NA,NA
1138," SAMN02802013",NA,NA,NA
1139," SAMN02802012",NA,NA,NA
1140," SAMN02802007",NA,NA,NA
1141," SAMN02802006",NA,NA,NA
1142," SAMN02802005",NA,NA,NA
1143," SAMN02802004",NA,NA,NA
1144," SAMN02802003",NA,NA,NA
1145," SAMN02802002",NA,NA,NA
1146," SAMN02802000",NA,NA,NA
1147," SAMN02801999",NA,NA,NA
1148," SAMN02801998",NA,NA,NA
1149," SAMN02801996",NA,NA,NA
1150," SAMN02801995",NA,NA,NA
1151," SAMN02801994",NA,NA,NA
1152," SAMN02801993",NA,NA,NA
1153," SAMN02801992",NA,NA,NA
1154," SAMN02801990",NA,NA,NA
1155," SAMN02801989",NA,NA,NA
1156," SAMN02801988",NA,NA,NA
1157," SAMN02801987",NA,NA,NA
1158," SAMN02801986",NA,NA,NA
1159," SAMN02801985",NA,NA,NA
1160," SAMN02801982",NA,NA,NA
1161," SAMN02801978",NA,NA,NA
1162," SAMN02801977",NA,NA,NA
1163," SAMN02801974",NA,NA,NA
1164," SAMN02801973",NA,NA,NA
1165," SAMN02801972",NA,NA,NA
1166," SAMN02801971",NA,NA,NA
1167," SAMN02801970",NA,NA,NA
1168," SAMN02801969",NA,NA,NA
1169," SAMN02801968",NA,NA,NA
1170," SAMN02801966",NA,NA,NA
1171," SAMN02801965",NA,NA,NA
1172," SAMN02801964",NA,NA,NA
1173," SAMN02801963",NA,NA,NA
1174," SAMN02801962",NA,NA,NA
1175," SAMN02801961",NA,NA,NA
1176," SAMN02801960",NA,NA,NA
1177," SAMN02801959",NA,NA,NA
1178," SAMN02801958",NA,NA,NA
1179," SAMN02801957",NA,NA,NA
1180," SAMN02801956",NA,NA,NA
1181," SAMN02801955",NA,NA,NA
1182," SAMN02801954",NA,NA,NA
1183," SAMN02801953",NA,NA,NA
1184," SAMN02801952",NA,NA,NA
1185," SAMN02801951",NA,NA,NA
1186," SAMN02801950",NA,NA,NA
1187," SAMN02801949",NA,NA,NA
1188," SAMN02801948",NA,NA,NA
1189," SAMN02801947",NA,NA,NA
1190," SAMN02801946",NA,NA,NA
1191," SAMN02801945",NA,NA,NA
1192," SAMN02801944",NA,NA,NA
1193," SAMN02801943",NA,NA,NA
1194," SAMN02801941",NA,NA,NA
1195," SAMN02801940",NA,NA,NA
1196," SAMN02801939",NA,NA,NA
1197," SAMN02801938",NA,NA,NA
1198," SAMN02801937",NA,NA,NA
1199," SAMN02801936",NA,NA,NA
1200," SAMN02801935",NA,NA,NA
1201," SAMN02801934",NA,NA,NA
1202," SAMN02801933",NA,NA,NA
1203," SAMN02801932",NA,NA,NA
1204," SAMN02801931",NA,NA,NA
1205," SAMN02801930",NA,NA,NA
1206," SAMN02801929",NA,NA,NA
1207," SAMN02801928",NA,NA,NA
1208," SAMN02801927",NA,NA,NA
1209," SAMN02801926",NA,NA,NA
1210," SAMN02801925",NA,NA,NA
1211," SAMN02801924",NA,NA,NA
1212," SAMN02801923",NA,NA,NA
1213," SAMN02801922",NA,NA,NA
1214," SAMN02801921",NA,NA,NA
1215," SAMN02801919",NA,NA,NA
1216," SAMN02801918",NA,NA,NA
1217," SAMN02801917",NA,NA,NA
1218," SAMN02801916",NA,NA,NA
1219," SAMN02801915",NA,NA,NA
1220," SAMN02801914",NA,NA,NA
1221," SAMN02801913",NA,NA,NA
1222," SAMN02801912",NA,NA,NA
1223," SAMN02801911",NA,NA,NA
1224," SAMN02801845",NA,NA,NA
1225," SAMN02801844",NA,NA,NA
1226," SAMN02801843",NA,NA,NA
1227," SAMN02801842",NA,NA,NA
1228," SAMN02801841",NA,NA,NA
1229," SAMN02801840",NA,NA,NA
1230," SAMN02801839",NA,NA,NA
1231," SAMN02801838",NA,NA,NA
1232," SAMN02801837",NA,NA,NA
1233," SAMN02801836",NA,NA,NA
1234," SAMN02801835",NA,NA,NA
1235," SAMN02801834",NA,NA,NA
1236," SAMN02801833",NA,NA,NA
1237," SAMN02801832",NA,NA,NA
1238," SAMN02801831",NA,NA,NA
1239," SAMN02801830",NA,NA,NA
1240," SAMN02801829",NA,NA,NA
1241," SAMN02801828",NA,NA,NA
1242," SAMN02801827",NA,NA,NA
1243," SAMN02801826",NA,NA,NA
1244," SAMN02801825",NA,NA,NA
1245," SAMN02801824",NA,NA,NA
1246," SAMN02801823",NA,NA,NA
1247," SAMN02801822",NA,NA,NA
1248," SAMN02801821",NA,NA,NA
1249," SAMN02801820",NA,NA,NA
1250," SAMN02801819",NA,NA,NA
1251," SAMN02801818",NA,NA,NA
1252," SAMN02801817",NA,NA,NA
1253," SAMN02801816",NA,NA,NA
1254," SAMN02801815",NA,NA,NA
1255," SAMN02801814",NA,NA,NA
1256," SAMN02801813",NA,NA,NA
1257," SAMN02801812",NA,NA,NA
1258," SAMN05326697",NA,NA,NA
1259," SAMN04429916",NA,NA,NA
1260," SAMN04429912",NA,NA,NA
1261," SAMN04422368",NA,NA,NA
1262," SAMN04422367",NA,NA,NA
1263," SAMN10287958","CFSAN082736","PRJNA318589",NA
1264," SAMN10084435","CFSAN085747",NA,NA
1265," SAMN07525049","CFSAN067806","PRJNA283914",NA
1266," SAMN05596186",NA,NA,NA
1267," SAMN05596052",NA,NA,NA
1268," SAMN05596009",NA,NA,NA
1269," SAMN17730241",NA,NA,NA
1270," SAMN16357480",NA,NA,NA
1271," SAMN16357417",NA,NA,NA
1272," SAMN08821037",NA,NA,NA
